Date, Time, Latitude, Longitude, Altitude, Speed, Course, Type, Distance, Essential
2016/10/17, 11:18:05,34.666027,135.213867,71.92,468,0,-2,0,1
2016/10/17, 11:24:25,34.665825,135.214401,-27.23,972,114,0,53.76,1
2016/10/17, 12:04:03,34.665825,135.214401,-27.23,972,0,-4,0,1
2016/10/17, 12:05:39,34.665886,135.214172,177.23,468,0,-2,0,1
2016/10/17, 12:06:46,34.665756,135.214111,151.22,576,201,0,15.49,1
2016/10/17, 12:07:54,34.666218,135.214157,226.02,216,4,0,51.54,1
2016/10/17, 12:14:18,34.666584,135.212845,29.59,6732,288,0,126.7,1
2016/10/17, 12:15:22,34.665665,135.215149,-124.24,756,115,0,234.19,1
2016/10/17, 12:17:19,34.666325,135.213181,13.75,0,292,-4,194.37,1
2016/10/17, 12:22:28,34.666023,135.213364,46.91,0,0,-2,0,1
2016/10/17, 12:23:31,34.666145,135.213303,37.46,7344,337,0,14.67,1
2016/10/17, 12:24:36,34.665298,135.214645,-71.85,0,127,0,154.71,1
2016/10/17, 12:25:56,34.665836,135.214417,35.79,1476,340,0,63.35,1
2016/10/17, 12:27:24,34.665565,135.213699,-32.4,3564,245,0,72.25,1
2016/10/17, 12:28:28,34.66571,135.213638,0.02,6984,340,0,17.06,1
2016/10/17, 12:29:40,34.665089,135.214233,-111.74,396,141,0,87.92,1
2016/10/17, 12:30:47,34.665585,135.213486,-38.03,144,308,0,87.8,1
2016/10/17, 12:31:51,34.666199,135.212952,8.91,0,324,0,83.94,1
2016/10/17, 12:33:42,34.6646,135.214325,-123.29,16020,144,0,217.67,1
2016/10/17, 12:36:05,34.6646,135.214325,-123.29,16020,0,0,0,1
2016/10/17, 12:37:34,34.66618,135.211929,36.82,1728,308,0,280.86,1
2016/10/17, 12:38:40,34.666908,135.212799,8.13,1332,44,0,113.51,1
2016/10/17, 12:41:19,34.666908,135.212799,8.13,1332,0,0,0,1
2016/10/17, 12:42:42,34.667572,135.212753,71.63,9576,356,0,73.95,1
2016/10/17, 12:44:23,34.668037,135.212723,130.69,9108,356,0,51.78,1
2016/10/17, 13:32:11,34.668037,135.212723,130.69,9108,0,0,0,1
2016/10/17, 13:33:22,34.667187,135.212662,8.54,1620,183,0,94.68,1
2016/10/17, 13:34:35,34.667286,135.212173,14.07,1188,283,0,46.06,1
2016/10/17, 13:35:42,34.666847,135.212418,140.24,3276,155,0,53.71,1
2016/10/17, 13:36:49,34.666729,135.212097,34.71,1368,245,0,32.16,1
2016/10/17, 13:37:55,34.666393,135.212448,-63.32,0,139,0,49.26,1
2016/10/17, 13:38:59,34.665951,135.214081,92.37,1548,108,0,157.23,1
2016/10/17, 13:40:14,34.665951,135.214081,92.37,1548,0,0,0,1
2016/10/17, 13:41:23,34.666389,135.213409,122.6,864,308,0,78.42,1
2016/10/17, 13:43:57,34.666389,135.213409,122.6,864,0,0,0,1
2016/10/17, 13:46:02,34.665871,135.212769,11.17,1152,225,0,82.12,1
2016/10/17, 14:01:04,34.665062,135.211563,378.18,0,230,0,142.33,1
2016/10/17, 15:19:51,34.665062,135.211563,378.18,0,0,0,0,1
2016/10/17, 15:20:57,34.666248,135.212967,21.29,3996,44,0,184.06,1
2016/10/17, 15:22:08,34.666538,135.212906,221.91,6048,350,0,32.73,1
2016/10/17, 15:23:18,34.66647,135.212982,164.42,6552,137,0,10.27,1
2016/10/17, 15:31:40,34.665504,135.212906,-57.22,4032,183,0,107.64,1
2016/10/17, 15:32:46,34.666306,135.213455,-15.37,0,29,0,102.34,1
2016/10/17, 15:34:11,34.665478,135.213013,-59.46,0,203,0,100.55,1
2016/10/17, 15:35:26,34.665478,135.213013,-59.46,0,0,0,0,1
2016/10/17, 15:37:29,34.665554,135.213043,-47.2,2376,17,0,8.89,1
2016/10/17, 15:39:19,34.666107,135.212753,-51.11,3960,336,0,66.97,1
2016/10/17, 15:40:26,34.666039,135.214523,162.76,2628,92,0,162.05,1
2016/10/17, 15:42:50,34.666039,135.214523,162.76,2628,0,0,0,1
2016/10/17, 15:43:55,34.666016,135.212311,21.16,1332,269,0,202.32,1
2016/10/17, 15:45:23,34.665882,135.212158,140.92,3456,223,0,20.44,1
2016/10/17, 15:46:42,34.665638,135.211975,196.64,3312,211,0,31.88,1
2016/10/17, 15:48:42,34.666004,135.21228,19.39,828,34,0,49.34,1
2016/10/17, 15:50:41,34.666351,135.211487,234.39,2232,298,0,82.15,1
2016/10/17, 16:04:16,34.666546,135.212906,59.35,12132,80,0,131.57,1
2016/10/17, 16:06:42,34.666557,135.211716,210.23,4032,270,0,108.84,1
2016/10/17, 16:10:55,34.666557,135.211716,210.23,4032,0,0,0,1
2016/10/17, 16:12:01,34.665245,135.213562,12.39,0,130,0,223.13,1
2016/10/17, 16:13:06,34.665707,135.213287,-28.12,2988,333,0,57.2,1
2016/10/17, 16:14:12,34.664925,135.212769,30.05,1656,208,0,99.02,1
2016/10/17, 16:15:19,34.665119,135.212326,51,2124,298,0,45.9,1
2016/10/17, 16:16:25,34.664845,135.212799,21,0,125,0,52.91,1
2016/10/17, 16:17:31,34.665016,135.212555,4.84,1008,310,0,29.32,1
2016/10/17, 16:18:39,34.664948,135.212585,25.02,216,160,0,8.04,1
2016/10/17, 16:19:44,34.665009,135.21283,12.13,1584,73,0,23.41,1
2016/10/17, 16:20:50,34.665058,135.212708,11.81,1044,296,0,12.42,1
2016/10/17, 16:21:54,34.665119,135.212677,60.89,0,337,0,7.35,1
2016/10/17, 16:23:10,34.66507,135.212631,48.63,972,217,0,6.88,1
2016/10/17, 16:24:15,34.669155,135.210007,7.73,0,332,0,513.73,1
2016/10/17, 16:25:19,34.670963,135.208954,-5.02,56700,334,0,222.91,1
2016/10/17, 16:26:24,34.673557,135.207748,62.64,0,339,0,308.81,1
2016/10/17, 16:27:28,34.677982,135.204391,10.37,54936,328,0,579.95,1
2016/10/17, 16:28:36,34.681267,135.202271,57.55,1512,332,0,413.53,1
2016/10/17, 16:29:40,34.685371,135.200699,23.3,15192,342,0,478.45,1
2016/10/17, 16:30:45,34.689495,135.199295,14.18,17460,344,0,476.2,1
2016/10/17, 16:31:47,34.691124,135.198456,2.57,57852,337,0,196.71,1
2016/10/17, 16:32:51,34.694767,135.195404,10.64,15228,325,0,491.89,1
2016/10/17, 16:34:03,34.694767,135.195404,10.64,15228,0,0,0,1
2016/10/17, 16:35:11,34.694492,135.193573,311.73,1080,259,0,170.17,1
2016/10/17, 16:36:14,34.694725,135.195862,-0.17,5544,82,0,210.87,1
2016/10/17, 16:37:20,34.6936,135.196747,164.21,576,147,0,148.98,1
2016/10/17, 19:18:01,34.6936,135.196747,164.21,576,0,0,0,1
2016/10/17, 19:24:36,34.694187,135.195206,119.83,3600,294,0,155.27,1
2016/10/17, 19:25:44,34.693932,135.195923,128.2,324,113,0,71.42,1
2016/10/17, 19:26:49,34.69413,135.194611,321.42,1908,280,0,121.95,1
2016/10/17, 19:28:03,34.69413,135.194611,321.42,1908,0,0,0,1
2016/10/17, 19:29:07,34.694813,135.193909,127.31,0,319,0,99.43,1
2016/10/17, 19:30:13,34.695061,135.193909,60.15,2736,0,0,27.58,1
2016/10/17, 19:31:19,34.694794,135.193939,118.58,108,174,0,29.82,1
2016/10/17, 19:32:24,34.694565,135.192688,160.38,0,257,0,117.17,1
2016/10/17, 19:33:32,34.694817,135.192322,85.22,2700,309,0,43.64,1
2016/10/17, 19:34:37,34.695206,135.191864,84.64,2412,315,0,60.2,1
2016/10/17, 20:06:42,34.695206,135.191864,84.64,2412,0,0,0,1
2016/10/17, 20:07:53,34.695377,135.191986,27.71,4716,30,0,22.04,1
2016/10/17, 21:33:10,34.695377,135.191986,27.71,4716,0,0,0,1
2016/10/17, 21:34:21,34.695232,135.19194,-105.52,1728,194,0,16.66,1
2016/10/17, 21:36:45,34.69529,135.191498,22.77,5868,279,0,40.92,1
2016/10/17, 21:38:15,34.695202,135.191528,-22.47,10224,164,0,10.16,1
2016/10/17, 21:41:14,34.695732,135.191818,8.79,2016,24,0,64.62,1
2016/10/17, 21:43:36,34.6954,135.191574,25.96,1044,211,0,43.13,1
2016/10/17, 21:44:40,34.695293,135.19191,73.81,684,111,0,32.94,1
2016/10/17, 21:45:43,34.695309,135.192017,68.31,180,79,0,9.94,1
2016/10/17, 21:46:47,34.695206,135.191772,80.28,3564,242,0,25.16,1
2016/10/17, 21:47:52,34.694748,135.192108,73.27,0,148,0,59.47,1
2016/10/17, 21:48:56,34.694523,135.192261,108.99,0,150,0,28.66,1
2016/10/17, 21:50:00,34.694283,135.19223,113.48,0,186,0,26.84,1
2016/10/17, 21:51:05,34.693954,135.192688,100.42,4968,131,0,55.6,1
2016/10/17, 21:52:12,34.693813,135.194092,142.47,1440,96,0,129.31,1
2016/10/17, 21:53:16,34.694695,135.19371,107.25,0,340,0,104.11,1
2016/10/17, 21:54:26,34.694523,135.193268,119.62,2736,244,0,44.71,1
2016/10/17, 21:55:34,34.693954,135.195648,119.59,3384,106,0,226.6,1
2016/10/17, 21:56:42,34.693977,135.195648,106.23,4824,0,0,2.56,1
2016/10/17, 21:57:50,34.693787,135.196564,90.81,4752,104,-4,86.37,1
2016/10/18, 09:07:05,34.693787,135.196564,90.81,4752,0,-2,0,1
2016/10/18, 09:08:25,34.694595,135.197266,26.5,3348,35,0,110.41,1
2016/10/18, 09:09:51,34.694836,135.196823,75.34,1548,303,0,48.56,1
2016/10/18, 09:11:24,34.694611,135.197067,44.33,3240,138,0,33.52,1
2016/10/18, 09:12:30,34.694492,135.197449,81,1332,110,0,37.35,1
2016/10/18, 09:13:41,34.69442,135.197479,69.33,2700,161,0,8.46,1
2016/10/18, 09:14:53,34.694462,135.195221,413.28,2952,271,0,206.49,1
2016/10/18, 09:23:11,34.694244,135.197571,14.87,6336,96,0,216.21,1
2016/10/18, 09:24:18,34.694725,135.197327,2.12,0,337,0,57.95,1
2016/10/18, 09:25:21,34.694923,135.197556,18.44,4067,43,0,30.38,1
2016/10/18, 09:26:37,34.69455,135.196869,103.51,1224,236,0,75.27,1
2016/10/18, 09:27:49,34.694775,135.197266,-23.28,4968,55,0,44.08,1
2016/10/18, 09:28:54,34.69479,135.197311,-3.49,576,67,0,4.44,1
2016/10/18, 09:35:13,34.69479,135.197311,-3.49,576,0,0,0,1
2016/10/18, 09:36:25,34.693794,135.196732,125.48,5868,205,0,122.75,1
2016/10/18, 09:37:32,34.694881,135.196701,80.47,2232,358,0,120.9,1
2016/10/18, 09:38:39,34.694252,135.195572,52.62,4500,235,0,124.68,1
2016/10/18, 09:39:42,34.694195,135.195099,136.67,3168,261,0,43.71,1
2016/10/18, 09:40:54,34.694706,135.196198,34.64,1224,60,0,115.43,1
2016/10/18, 09:41:59,34.695438,135.195236,212.33,1584,312,0,119.83,1
2016/10/18, 09:43:16,34.694683,135.195236,-22.05,1224,180,0,83.95,1
2016/10/18, 09:44:23,34.691776,135.197769,47.13,53820,144,0,397.64,1
2016/10/18, 09:45:27,34.689205,135.200119,72.19,0,143,0,357.62,1
2016/10/18, 09:46:32,34.685627,135.200485,5.99,24984,175,0,399.26,1
2016/10/18, 09:47:39,34.68137,135.202545,20.4,2592,158,0,509.46,1
2016/10/18, 09:48:43,34.679012,135.203506,27.34,36108,161,0,276.53,1
2016/10/18, 09:49:47,34.673779,135.207458,-11.55,29268,148,0,684.97,1
2016/10/18, 09:50:54,34.672276,135.208527,39.72,55116,149,0,193.62,1
2016/10/18, 09:51:58,34.669163,135.209976,85.24,0,159,0,370.65,1
2016/10/18, 09:53:02,34.664627,135.21257,-10.95,6300,154,0,557.39,1
2016/10/18, 09:54:13,34.664768,135.212692,35.18,5040,35,0,19.24,1
2016/10/18, 09:55:19,34.665386,135.213074,12.32,2376,26,0,77.09,1
2016/10/18, 09:56:26,34.666031,135.213593,92.71,6336,33,0,86,1
2016/10/18, 09:57:38,34.666031,135.213593,92.71,6336,0,0,0,1
2016/10/18, 09:59:04,34.66637,135.213058,-13.9,900,307,0,61.77,1
2016/10/18, 10:02:18,34.66637,135.213058,-13.9,900,0,0,0,1
2016/10/18, 10:05:13,34.666378,135.213135,-17.41,1008,82,0,7.1,1
2016/10/18, 10:06:23,34.666187,135.213013,-47.44,6984,207,0,23.99,1
2016/10/18, 10:07:53,34.666256,135.213242,-2.14,900,69,0,22.3,1
2016/10/18, 10:09:20,34.666088,135.213013,24.58,1260,228,0,28.06,1
2016/10/18, 10:11:10,34.665722,135.213104,85.94,2664,168,0,41.54,1
2016/10/18, 10:12:15,34.666344,135.213104,44.29,2448,0,0,69.16,1
2016/10/18, 10:13:40,34.666115,135.212952,26.67,4284,208,0,29.01,1
2016/10/18, 10:15:15,34.666679,135.213425,113.2,5688,34,0,76.19,1
2016/10/18, 10:16:21,34.666538,135.211685,193.42,7488,264,0,159.9,1
2016/10/18, 10:17:58,34.666759,135.212479,214.33,720,71,0,76.66,1
2016/10/18, 10:19:30,34.666988,135.212158,145.78,17928,310,0,38.86,1
2016/10/18, 10:22:54,34.665573,135.213074,107.16,2916,151,0,178.25,1
2016/10/18, 10:25:04,34.666492,135.212997,-4.37,2880,356,0,102.43,1
2016/10/18, 10:28:16,34.666264,135.213425,33.28,1656,122,0,46.64,1
2016/10/18, 10:29:24,34.666386,135.212524,161.96,1980,279,0,83.51,1
2016/10/18, 10:30:36,34.666386,135.212524,161.96,1980,0,0,0,1
2016/10/18, 10:31:46,34.666576,135.213287,60.21,12060,73,0,72.91,1
2016/10/18, 10:34:10,34.666439,135.213104,59.95,0,227,0,22.63,1
2016/10/18, 10:36:21,34.666195,135.214401,18.54,0,102,0,121.68,1
2016/10/18, 10:56:01,34.666195,135.214401,18.54,0,0,0,0,1
2016/10/18, 10:58:50,34.666523,135.213181,14.3,23112,288,0,117.39,1
2016/10/18, 10:59:53,34.666378,135.213058,40.74,2844,214,0,19.66,1
2016/10/18, 11:00:57,34.665154,135.21286,79.37,3960,187,0,137.3,1
2016/10/18, 11:02:01,34.665833,135.212738,-9.36,0,351,0,76.32,1
2016/10/18, 11:08:46,34.66679,135.213104,-34.33,7416,17,0,111.55,1
2016/10/18, 11:09:56,34.666626,135.212006,72.78,3816,259,0,102.06,1
2016/10/18, 11:11:45,34.666573,135.213058,36.49,1152,93,0,96.39,1
2016/10/18, 11:13:32,34.666096,135.213135,13.28,12276,172,0,53.51,1
2016/10/18, 11:14:43,34.66658,135.213348,5.84,1692,19,0,57.24,1
2016/10/18, 11:15:51,34.666637,135.213333,7.65,9288,347,0,6.48,1
2016/10/18, 11:17:11,34.666176,135.212982,3.81,864,212,0,60.48,1
2016/10/18, 11:18:33,34.667259,135.21312,-106.76,10908,5,0,121.08,1
2016/10/18, 11:20:01,34.666019,135.212936,-38.03,1656,186,0,138.9,1
2016/10/18, 11:21:16,34.666306,135.212799,17.55,6840,338,0,34.28,1
2016/10/18, 11:22:22,34.666733,135.212204,30.64,4896,311,0,72.22,1
2016/10/18, 11:23:50,34.66515,135.212906,1.52,4824,159,0,187.36,1
2016/10/18, 11:25:00,34.667072,135.212875,-15.53,3096,359,0,213.74,1
2016/10/18, 11:26:34,34.666618,135.212921,-30.89,4032,175,0,50.66,1
2016/10/18, 11:28:21,34.666759,135.212646,-7.09,4752,301,0,29.64,1
2016/10/18, 11:31:08,34.667126,135.212357,-6.69,2556,327,0,48.62,1
2016/10/18, 11:39:41,34.666779,135.212311,70.85,0,186,0,38.81,1
2016/10/18, 11:47:52,34.667309,135.212555,74.01,3060,20,0,63.02,1
2016/10/18, 11:59:10,34.667049,135.212509,122.76,648,188,0,29.22,1
2016/10/18, 12:13:16,34.667107,135.212646,303.16,6588,62,0,14.09,1
2016/10/18, 12:26:11,34.666351,135.212418,93.42,756,193,0,86.61,1
2016/10/18, 12:32:21,34.666359,135.21048,149.9,9648,270,0,177.24,1
2016/10/18, 12:40:14,34.666546,135.213303,-12.57,2232,85,0,259.01,1
2016/10/18, 12:50:21,34.666546,135.213303,-12.57,2232,0,0,0,1
2016/10/18, 12:51:32,34.666294,135.212204,20.57,4716,254,0,104.34,1
2016/10/18, 12:52:37,34.66684,135.212601,38.24,6840,30,0,70.74,1
2016/10/18, 12:56:52,34.66684,135.212601,38.24,6840,0,0,0,1
2016/10/18, 12:58:55,34.667084,135.212494,-10.33,3888,340,0,28.84,1
2016/10/18, 13:04:04,34.667084,135.212494,-10.33,3888,0,0,0,1
2016/10/18, 13:11:22,34.667927,135.212524,40.31,2124,1,0,93.78,1
2016/10/18, 13:28:11,34.667927,135.212524,40.31,2124,0,0,0,1
2016/10/18, 13:31:26,34.667641,135.214859,95.07,2592,98,0,215.9,1
2016/10/18, 13:36:24,34.666283,135.214386,144.38,2340,195,0,157.08,1
2016/10/18, 13:37:46,34.666283,135.214386,144.38,2340,0,0,0,1
2016/10/18, 13:45:33,34.665295,135.213028,171.47,0,228,0,165.81,1
2016/10/18, 13:52:51,34.667419,135.211029,107.96,540,322,0,298.67,1
2016/10/18, 13:59:45,34.672394,135.206161,184.04,792,321,0,710.08,1
2016/10/18, 14:43:11,34.672394,135.206161,184.04,792,0,0,0,1
2016/10/18, 14:45:01,34.666019,135.213669,244.6,5940,135,0,986.89,1
2016/10/18, 15:21:00,34.666019,135.213669,244.6,5940,0,0,0,1
2016/10/18, 15:22:11,34.666046,135.212952,-14.59,0,272,0,65.64,1
2016/10/18, 15:23:21,34.665882,135.212891,6.9,0,197,0,19.07,1
2016/10/18, 15:24:32,34.666359,135.213028,16.31,14544,13,0,54.5,1
2016/10/18, 15:25:43,34.666214,135.212967,-15.76,7596,199,0,17.06,1
2016/10/18, 17:33:07,34.666214,135.212967,-15.76,7596,0,0,0,1
2016/10/18, 17:34:21,34.665894,135.214401,112.13,2844,105,0,135.89,1
2016/10/18, 17:35:34,34.666222,135.213806,80.13,4356,303,0,65.51,1
2016/10/18, 17:36:40,34.666248,135.214523,-16.72,12420,87,0,65.64,1
2016/10/18, 17:38:37,34.667477,135.214722,-232.3,4860,7,0,137.87,1
2016/10/18, 17:40:24,34.666416,135.214081,74.31,3168,206,0,131.74,1
2016/10/18, 17:42:04,34.66531,135.212921,29.26,0,220,0,162.42,1
2016/10/18, 17:43:14,34.66531,135.212921,29.26,0,0,0,0,1
2016/10/18, 17:44:18,34.664795,135.212585,-3.16,0,208,0,64.99,1
2016/10/18, 17:45:22,34.665051,135.212494,3.99,0,343,0,29.66,1
2016/10/18, 17:46:26,34.665073,135.21283,-46.18,0,85,0,30.83,1
2016/10/18, 17:47:36,34.665241,135.212479,-10.79,1404,300,0,37.14,1
2016/10/18, 17:48:41,34.66526,135.212296,32.28,12348,277,0,16.87,1
2016/10/18, 17:50:27,34.670208,135.209503,34.85,44676,335,0,606.59,1
2016/10/18, 17:51:43,34.673416,135.207474,40.3,684,332,0,402.09,1
2016/10/18, 17:53:01,34.679695,135.202988,25.78,39996,329,0,809.79,1
2016/10/18, 17:54:08,34.681904,135.202164,50.01,21096,342,0,256.93,1
2016/10/18, 17:55:11,34.686069,135.200089,18.45,27000,337,0,500.48,1
2016/10/18, 17:56:29,34.689045,135.198853,17.65,0,341,0,349.68,1
2016/10/18, 17:57:33,34.694489,135.196411,61.44,15840,339,0,645.21,1
2016/10/18, 17:59:57,34.694489,135.196411,61.44,15840,0,0,0,1
2016/10/18, 18:02:02,34.69371,135.194077,275.22,6840,247,0,230.3,1
2016/10/18, 18:03:37,34.693695,135.197311,40.22,0,90,0,295.67,1
2016/10/18, 18:14:49,34.693695,135.197311,40.22,0,0,0,0,1
2016/10/18, 18:19:13,34.694855,135.197311,131.81,0,0,0,128.99,1
2016/10/18, 19:02:35,34.694855,135.197311,131.81,0,0,0,0,1
2016/10/18, 19:13:16,34.695118,135.196716,96.17,4212,298,0,61.76,1
2016/10/18, 19:14:20,34.694466,135.196152,70.1,2448,215,0,88.97,1
2016/10/18, 19:15:24,34.695408,135.195877,52.05,3708,346,0,107.72,1
2016/10/18, 19:16:37,34.694988,135.195145,19.78,2376,235,0,81.61,1
2016/10/18, 19:17:49,34.694988,135.195145,19.78,2376,0,0,0,1
2016/10/18, 19:19:07,34.693768,135.19574,141.82,1116,158,0,146.16,1
2016/10/18, 19:20:18,34.695583,135.19339,241.29,540,313,0,294.77,1
2016/10/18, 19:21:23,34.694019,135.195038,16.48,0,139,0,230.1,1
2016/10/18, 19:22:27,34.693542,135.19603,196.55,0,120,0,105.06,1
2016/10/18, 19:23:52,34.693703,135.19603,170.53,396,0,0,17.9,1
2016/10/18, 19:24:55,34.693451,135.195862,186.89,4284,208,0,31.95,1
2016/10/18, 19:26:16,34.693634,135.195831,198.33,1656,352,0,20.55,1
2016/10/18, 19:27:23,34.693405,135.195953,159.86,2412,156,0,27.8,1
2016/10/18, 19:28:35,34.69352,135.195984,227.83,3060,12,0,13.1,1
2016/10/18, 19:29:38,34.693661,135.196289,144.24,180,60,0,31.99,1
2016/10/18, 19:30:48,34.693661,135.196289,144.24,180,0,0,0,1
2016/10/18, 19:31:51,34.695187,135.193192,81.87,4104,300,0,330.09,1
2016/10/18, 19:32:55,34.694599,135.193573,22.01,0,151,0,74.08,1
2016/10/18, 19:34:17,34.693066,135.194809,67.57,576,146,0,204.52,1
2016/10/18, 19:35:23,34.693008,135.195129,88.46,720,102,0,29.96,1
2016/10/18, 19:36:27,34.693348,135.193268,46.77,4968,282,0,174.29,1
2016/10/18, 19:37:30,34.693298,135.192871,-4.6,4896,261,0,36.72,1
2016/10/18, 19:38:34,34.693336,135.192368,-4,0,275,0,46.18,1
2016/10/18, 19:39:38,34.693382,135.192307,26.56,0,312,0,7.57,1
2016/10/18, 19:40:42,34.69315,135.192566,37.62,0,137,0,35.02,1
2016/10/18, 21:09:29,34.69315,135.192566,37.62,0,0,0,0,1
2016/10/18, 21:13:26,34.687519,135.196335,637.06,9828,151,0,714.7,1
2016/10/18, 21:14:55,34.693745,135.192978,70.86,7920,336,0,757.29,1
2016/10/18, 21:18:30,34.693241,135.195129,192.21,4572,105,0,204.49,1
2016/10/18, 21:22:17,34.695496,135.194885,37.66,7200,354,0,251.73,1
2016/10/18, 21:25:53,34.695808,135.195389,-5.78,2124,53,-4,57.68,1
2016/10/19, 09:16:20,34.695808,135.195389,-5.78,2124,0,-2,0,1
2016/10/19, 09:24:03,34.670326,135.209351,35.07,53136,155,0,3107.79,1
2016/10/19, 09:25:15,34.669552,135.208969,283.07,3348,202,0,92.88,1
2016/10/19, 09:26:20,34.665066,135.212616,30.21,1908,146,0,600.06,1
2016/10/19, 09:27:26,34.665695,135.211075,598.38,12708,296,0,157.34,1
2016/10/19, 09:28:54,34.665459,135.216812,38.1,504,92,0,525.34,1
2016/10/19, 09:31:26,34.67012,135.21669,25.97,39708,358,0,518.4,1
2016/10/19, 09:32:30,34.673389,135.214417,6.01,0,330,0,418.73,1
2016/10/19, 09:33:33,34.674557,135.213608,24.86,33840,330,0,149.47,1
2016/10/19, 09:34:35,34.672684,135.208038,8.38,14148,247,0,550.3,1
2016/10/19, 09:35:37,34.673409,135.207291,-37.11,1368,319,0,105.67,1
2016/10/19, 09:36:41,34.673347,135.207825,36.53,0,98,0,49.32,1
2016/10/19, 09:38:15,34.671482,135.208817,16.99,53604,156,0,226.35,1
2016/10/19, 09:39:18,34.66877,135.210175,3.06,2556,157,0,326.13,1
2016/10/19, 09:40:22,34.664738,135.212738,-26.41,504,152,0,505.91,1
2016/10/19, 09:41:33,34.664639,135.213043,21.23,6264,111,0,29.99,1
2016/10/19, 09:42:38,34.665096,135.212906,21.59,6768,346,0,52.34,1
2016/10/19, 09:43:44,34.666412,135.213684,141.82,576,25,0,162.71,1
2016/10/19, 09:49:06,34.666412,135.213684,141.82,576,0,0,0,1
2016/10/19, 09:50:39,34.665981,135.21257,82.83,10584,244,0,112.59,1
2016/10/19, 10:39:04,34.665981,135.21257,82.83,10584,0,0,0,1
2016/10/19, 10:40:53,34.665962,135.213928,82.95,11844,90,0,124.21,1
2016/10/19, 10:42:05,34.665962,135.213928,82.95,11844,0,0,0,1
2016/10/19, 10:43:10,34.66571,135.213593,194.59,6696,227,0,41.52,1
2016/10/19, 11:04:59,34.66571,135.213593,194.59,6696,0,0,0,1
2016/10/19, 11:06:19,34.666042,135.21286,8.87,4716,298,0,76.53,1
2016/10/19, 11:42:27,34.666042,135.21286,8.87,4716,0,0,0,1
2016/10/19, 11:43:47,34.665947,135.212952,10.32,5220,141,0,13.5,1
2016/10/19, 12:22:14,34.665947,135.212952,10.32,5220,0,0,0,1
2016/10/19, 12:23:17,34.666264,135.212021,18.83,1008,292,0,92.15,1
2016/10/19, 12:24:22,34.666279,135.212738,13.68,0,88,0,65.59,1
2016/10/19, 13:31:18,34.666279,135.212738,13.68,0,0,0,0,1
2016/10/19, 13:36:26,34.668068,135.214966,63.95,0,45,0,284.76,1
2016/10/19, 13:41:20,34.668068,135.214966,63.95,0,0,0,0,1
2016/10/19, 13:42:31,34.667866,135.215118,74.51,612,148,0,26.41,1
2016/10/19, 13:45:21,34.667866,135.215118,74.51,612,0,0,0,1
2016/10/19, 13:46:32,34.668018,135.215012,126.17,3780,330,0,19.48,1
2016/10/19, 13:53:14,34.668018,135.215012,126.17,3780,0,0,0,1
2016/10/19, 13:54:21,34.666649,135.212296,48.75,3924,238,0,291.33,1
2016/10/19, 13:56:54,34.666649,135.212296,48.75,3924,0,0,0,1
2016/10/19, 13:58:26,34.674099,135.212418,1656.92,1116,0,0,828.48,1
2016/10/19, 13:59:55,34.666096,135.21312,52.5,3672,175,0,892.21,1
2016/10/19, 17:07:46,34.666096,135.21312,52.5,3672,0,0,0,1
2016/10/19, 17:09:12,34.665001,135.214432,4.48,540,135,0,170.95,1
2016/10/19, 17:10:23,34.665844,135.214783,92.26,4248,18,0,99.08,1
2016/10/19, 17:30:14,34.665844,135.214783,92.26,4248,0,0,0,1
2016/10/19, 17:31:31,34.666126,135.214462,193.11,2952,316,0,42.95,1
2016/10/19, 18:10:30,34.666126,135.214462,193.11,2952,0,0,0,1
2016/10/19, 18:11:40,34.666077,135.212875,56.35,4536,267,0,145.24,1
2016/10/19, 18:12:51,34.666023,135.214188,177.71,1944,92,0,120.23,1
2016/10/19, 18:14:20,34.665813,135.213211,56.41,5184,255,0,92.35,1
2016/10/19, 18:15:50,34.665966,135.213379,43.93,3060,42,0,22.92,1
2016/10/19, 18:18:28,34.665966,135.213379,43.93,3060,0,0,0,1
2016/10/19, 18:19:38,34.66605,135.213272,47.02,11268,313,0,13.53,1
2016/10/19, 18:20:50,34.66605,135.213272,47.02,11268,0,0,0,1
2016/10/19, 18:22:00,34.666618,135.213608,49.05,0,25,0,70.24,1
2016/10/19, 18:35:27,34.666618,135.213608,49.05,0,0,0,0,1
2016/10/19, 18:36:46,34.666019,135.21312,47.54,8244,213,0,80.18,1
2016/10/19, 18:38:14,34.666142,135.213562,53.13,1260,71,0,42.67,1
2016/10/19, 18:41:10,34.665951,135.213684,48.96,2664,152,0,23.99,1
2016/10/19, 18:44:20,34.666119,135.213669,49.42,5220,355,0,18.73,1
2016/10/19, 18:47:43,34.666039,135.213593,38.27,6840,218,0,11.29,1
2016/10/19, 18:52:23,34.666039,135.213593,38.27,6840,0,0,0,1
2016/10/19, 18:58:16,34.665962,135.213974,70.95,252,103,0,35.88,1
2016/10/19, 19:04:54,34.662319,135.235199,2224.39,22680,101,0,1983.01,1
2016/10/19, 19:10:37,34.665905,135.214233,113,936,281,0,1958.53,1
2016/10/19, 19:15:42,34.665829,135.213715,93.26,4464,259,0,48.12,1
2016/10/19, 19:20:02,34.665596,135.214661,171.5,6444,106,0,90.31,1
2016/10/19, 19:23:39,34.665798,135.213791,102.98,4680,285,0,82.68,1
2016/10/19, 19:27:33,34.665577,135.215408,211.93,3672,99,0,149.91,1
2016/10/19, 19:32:14,34.66552,135.215057,161.81,0,258,0,32.72,1
2016/10/19, 20:27:30,34.66552,135.215057,161.81,0,0,0,0,1
2016/10/19, 20:29:07,34.665653,135.213425,22.23,756,275,0,149.99,1
2016/10/19, 21:11:58,34.665653,135.213425,22.23,756,0,0,0,1
2016/10/19, 21:13:57,34.667782,135.211899,-52.68,25560,329,0,274.81,1
2016/10/19, 21:16:10,34.66613,135.211273,-52.73,8424,197,0,192.41,1
2016/10/19, 21:20:01,34.66613,135.211273,-52.73,8424,0,0,0,1
2016/10/19, 21:21:12,34.665146,135.211273,-52.65,5760,180,0,109.42,1
2016/10/19, 21:34:30,34.665146,135.211273,-52.65,5760,0,0,0,1
2016/10/19, 21:36:46,34.631439,135.275574,7936.59,51084,122,-4,6974.62,1
2016/10/20, 08:57:43,34.631439,135.275574,7936.59,51084,0,-2,0,1
2016/10/20, 09:00:17,34.693691,135.196594,-10.59,2484,313,0,10004.71,1
2016/10/20, 09:01:32,34.694347,135.196808,110.28,5076,15,0,75.52,1
2016/10/20, 09:06:08,34.694347,135.196808,110.28,5076,0,0,0,1
2016/10/20, 09:08:54,34.684467,135.194458,2089.71,74556,191,0,1119.42,1
2016/10/20, 09:11:22,34.684467,135.194458,2089.71,74556,0,0,0,1
2016/10/20, 09:13:23,34.66534,135.21106,411.22,1260,144,0,2613.1,1
2016/10/20, 09:15:03,34.665051,135.212875,57.58,4608,100,0,169.08,1
2016/10/20, 09:16:09,34.665817,135.213196,54.53,3096,19,0,90.09,1
2016/10/20, 09:17:21,34.666054,135.214417,91.45,3708,76,0,114.74,1
2016/10/20, 11:09:05,34.666054,135.214417,91.45,3708,0,0,0,1
2016/10/20, 11:10:17,34.666573,135.21254,341.61,3420,288,0,181.1,1
2016/10/20, 11:22:51,34.666573,135.21254,341.61,3420,0,0,0,1
2016/10/20, 11:28:25,34.666351,135.212845,141.79,3924,131,0,37.25,1
2016/10/20, 11:29:46,34.666351,135.212845,141.79,3924,0,0,0,1
2016/10/20, 11:32:43,34.665981,135.213577,109.09,864,121,0,78.58,1
2016/10/20, 11:35:00,34.666016,135.213455,-72.37,2196,289,0,11.82,1
2016/10/20, 11:39:37,34.666367,135.212677,-14.04,612,298,0,81.15,1
2016/10/20, 11:43:45,34.666061,135.213318,-23.04,612,120,0,67.78,1
2016/10/20, 11:47:49,34.666718,135.212189,-0.04,324,305,0,126.48,1
2016/10/20, 11:51:05,34.666321,135.213043,-22.37,1980,119,0,89.71,1
2016/10/20, 11:54:36,34.666496,135.212616,66.38,1044,296,0,43.63,1
2016/10/20, 11:57:23,34.666496,135.212616,66.38,1044,0,0,0,1
2016/10/20, 11:58:28,34.666622,135.212204,33.66,2520,290,0,40.2,1
2016/10/20, 11:59:32,34.666611,135.21315,101.83,0,90,0,86.53,1
2016/10/20, 12:00:55,34.666821,135.212173,79.03,3204,284,0,92.35,1
2016/10/20, 12:50:29,34.666821,135.212173,79.03,3204,0,0,0,1
2016/10/20, 12:51:48,34.666325,135.212814,81.85,612,133,0,80.49,1
2016/10/20, 12:52:55,34.668861,135.212601,625.97,6804,356,0,282.66,1
2016/10/20, 12:54:05,34.666897,135.212524,28.95,2592,181,0,218.5,1
2016/10/20, 12:55:10,34.666946,135.212112,126.82,6336,278,0,38.07,1
2016/10/20, 12:56:26,34.666946,135.212112,126.82,6336,0,0,0,1
2016/10/20, 12:57:30,34.665508,135.214539,49.75,540,125,0,273.56,1
2016/10/20, 12:58:34,34.665543,135.214554,-2.23,0,19,0,4.13,1
2016/10/20, 12:59:42,34.665405,135.21463,18.03,792,155,0,16.85,1
2016/10/20, 13:00:48,34.665268,135.214554,-1.41,864,204,0,16.74,1
2016/10/20, 13:01:52,34.666241,135.214569,121.23,0,0,0,108.2,1
2016/10/20, 13:03:06,34.665585,135.214523,44.24,2772,183,0,73.07,1
2016/10/20, 13:04:13,34.666271,135.214142,149.31,0,335,0,83.86,1
2016/10/20, 13:05:17,34.666325,135.213226,303.67,0,274,0,83.99,1
2016/10/20, 13:06:22,34.665779,135.214493,38.29,0,117,0,130.82,1
2016/10/20, 13:07:28,34.666492,135.215012,112.2,7812,30,0,92.4,1
2016/10/20, 13:08:37,34.666588,135.214401,349.04,3024,280,0,56.89,1
2016/10/20, 13:09:47,34.666447,135.215561,240.97,5580,98,0,107.24,1
2016/10/20, 13:10:53,34.665661,135.216721,79.46,0,129,0,137.45,1
2016/10/20, 13:11:58,34.665291,135.216965,153.43,648,151,0,46.8,1
2016/10/20, 13:13:04,34.665695,135.216888,162.43,4212,351,0,45.47,1
2016/10/20, 13:14:10,34.666161,135.217453,98.64,1584,44,0,73.18,1
2016/10/20, 13:15:14,34.665825,135.217194,55.49,6516,212,0,44.24,1
2016/10/20, 13:16:26,34.665649,135.217346,222.26,3492,144,0,24.01,1
2016/10/20, 13:18:17,34.681404,135.20993,4388.04,0,338,0,1878.56,1
2016/10/20, 13:28:39,34.681404,135.20993,4388.04,0,0,0,0,1
2016/10/20, 13:37:25,34.666393,135.220062,1215.25,0,150,0,1909.07,1
2016/10/20, 13:44:15,34.665073,135.216919,-10.17,1080,242,0,322.75,1
2016/10/20, 13:45:30,34.665031,135.21669,-12.62,648,257,0,21.46,1
2016/10/20, 13:49:24,34.66605,135.216232,23.19,0,339,0,120.8,1
2016/10/20, 13:50:31,34.66629,135.215988,70.2,3384,320,0,34.79,1
2016/10/20, 13:51:39,34.666172,135.215012,188.41,4032,261,0,90.22,1
2016/10/20, 13:52:43,34.666161,135.214691,31.48,3708,267,0,29.38,1
2016/10/20, 13:53:47,34.666641,135.213837,-121.18,0,304,0,94.6,1
2016/10/20, 13:55:05,34.666641,135.213837,-121.18,0,0,0,0,1
2016/10/20, 13:56:29,34.665318,135.211472,115.21,4788,235,0,261.58,1
2016/10/20, 14:01:37,34.665318,135.211472,115.21,4788,0,0,0,1
2016/10/20, 14:10:15,34.666107,135.21257,62.73,0,48,0,133.35,1
2016/10/20, 14:20:30,34.665855,135.211884,87.56,0,245,0,68.71,1
2016/10/20, 14:29:57,34.665855,135.211884,87.56,0,0,0,0,1
2016/10/20, 14:31:41,34.666302,135.213516,78.28,2952,71,0,157.31,1
2016/10/20, 14:38:35,34.666302,135.213516,78.28,2952,0,0,0,1
2016/10/20, 14:44:59,34.666222,135.213058,47.52,3528,258,0,42.82,1
2016/10/20, 14:48:26,34.666531,135.212982,150.27,1476,348,0,35.06,1
2016/10/20, 15:03:36,34.666531,135.212982,150.27,1476,0,0,0,1
2016/10/20, 15:06:40,34.665623,135.214203,168.92,4464,132,0,150.54,1
2016/10/20, 15:09:48,34.665623,135.214203,168.92,4464,0,0,0,1
2016/10/20, 15:12:16,34.666332,135.213654,51.2,0,327,0,93.47,1
2016/10/20, 15:20:35,34.666332,135.213654,51.2,0,0,0,0,1
2016/10/20, 15:22:21,34.664776,135.214203,-89.34,8820,163,0,180.16,1
2016/10/20, 15:25:03,34.664776,135.214203,-89.34,8820,0,0,0,1
2016/10/20, 15:26:41,34.666016,135.213547,-28.13,2808,336,0,150.37,1
2016/10/20, 15:28:17,34.665436,135.212692,52.6,0,230,0,101.36,1
2016/10/20, 15:31:02,34.665619,135.21283,16.67,1224,31,0,23.94,1
2016/10/20, 15:46:58,34.665619,135.21283,16.67,1224,0,0,0,1
2016/10/20, 15:50:05,34.666088,135.212479,82.37,4212,328,0,61.24,1
2016/10/20, 15:51:17,34.666088,135.212479,82.37,4212,0,0,0,1
2016/10/20, 15:52:37,34.665791,135.212769,1.27,3888,141,0,42.36,1
2016/10/20, 15:55:47,34.665791,135.212769,1.27,3888,0,0,0,1
2016/10/20, 15:57:51,34.666092,135.212784,-30.57,0,2,0,33.5,1
2016/10/20, 16:03:04,34.666092,135.212784,-30.57,0,0,0,0,1
2016/10/20, 16:09:03,34.665886,135.211868,179.66,7596,254,0,86.85,1
2016/10/20, 16:13:12,34.665886,135.211868,179.66,7596,0,0,0,1
2016/10/20, 16:20:04,34.666534,135.212906,-42.73,4428,52,0,119.18,1
2016/10/20, 16:21:14,34.666512,135.213104,-28.37,8496,97,0,18.27,1
2016/10/20, 16:26:43,34.666512,135.213104,-28.37,8496,0,0,0,1
2016/10/20, 16:28:16,34.664558,135.210938,-86.24,3780,222,0,294.02,1
2016/10/20, 16:29:39,34.664558,135.210938,-86.24,3780,0,0,0,1
2016/10/20, 16:37:46,34.667068,135.214386,-26.81,0,48,0,421.11,1
2016/10/20, 16:43:58,34.667068,135.214386,-26.81,0,0,0,0,1
2016/10/20, 16:49:07,34.665913,135.212524,103.67,0,232,0,213.29,1
2016/10/20, 16:55:16,34.666229,135.213181,49.33,0,59,0,69.61,1
2016/10/20, 16:57:50,34.666229,135.213181,49.33,0,0,0,0,1
2016/10/20, 17:05:27,34.665012,135.215576,-164.13,2196,121,0,257.47,1
2016/10/20, 17:11:47,34.665012,135.215576,-164.13,2196,0,0,0,1
2016/10/20, 17:14:36,34.666275,135.213379,54.76,1872,304,0,245.14,1
2016/10/20, 17:27:46,34.666275,135.213379,54.76,1872,0,0,0,1
2016/10/20, 17:31:16,34.666176,135.214737,20.12,5436,95,0,124.68,1
2016/10/20, 17:32:27,34.666176,135.214737,20.12,5436,0,0,0,1
2016/10/20, 17:33:42,34.666023,135.213547,171.26,8640,261,0,110.15,1
2016/10/20, 17:55:09,34.666023,135.213547,171.26,8640,0,0,0,1
2016/10/20, 18:00:54,34.665722,135.213821,124.81,432,143,0,41.81,1
2016/10/20, 18:03:17,34.665722,135.213821,124.81,432,0,0,0,1
2016/10/20, 18:04:23,34.665478,135.21376,172.97,4176,191,0,27.7,1
2016/10/20, 18:05:29,34.66539,135.213486,131.48,3708,248,0,26.9,1
2016/10/20, 18:06:40,34.66539,135.213486,131.48,3708,0,0,0,1
2016/10/20, 18:08:05,34.664879,135.214691,117.16,900,117,0,123.99,1
2016/10/20, 22:05:23,34.664879,135.214691,117.16,900,0,0,0,1
2016/10/20, 22:07:56,34.666019,135.211914,34,5652,296,0,283.85,1
2016/10/20, 22:09:21,34.666019,135.211914,34,5652,0,0,0,1
2016/10/20, 22:12:03,34.665119,135.212341,0.31,828,158,0,107.43,1
2016/10/20, 22:14:17,34.668415,135.21138,72.41,1980,346,0,376.89,1
2016/10/20, 22:15:27,34.665966,135.212158,-55.41,720,165,0,281.46,1
2016/10/20, 22:16:32,34.665356,135.212326,-51.07,1332,167,0,69.55,1
2016/10/20, 22:17:36,34.664848,135.212448,-12.84,0,168,0,57.58,1
2016/10/20, 22:19:00,34.665051,135.212448,-0.14,1548,0,0,22.57,1
2016/10/20, 22:20:12,34.665257,135.212524,6.78,180,16,0,23.94,1
2016/10/20, 22:21:32,34.66869,135.21077,124.71,144,337,0,414.07,1
2016/10/20, 22:22:37,34.672668,135.207794,29.44,24876,328,0,519.35,1
2016/10/20, 22:23:39,34.674229,135.206924,31.24,25524,335,0,190.94,1
2016/10/20, 22:24:49,34.680443,135.202499,36.28,36684,329,0,800.73,1
2016/10/20, 22:25:55,34.682438,135.201843,33.84,38736,344,0,229.8,1
2016/10/20, 22:26:58,34.686493,135.199875,25.05,29268,338,0,485.48,1
2016/10/20, 22:28:01,34.689484,135.199203,33.07,2952,349,0,338.21,1
2016/10/20, 22:29:12,34.69418,135.196518,51.95,20592,334,0,577,1
2016/10/20, 22:30:39,34.694462,135.195648,59.09,252,291,0,85.5,1
2016/10/20, 22:32:01,34.694866,135.195862,90.86,1080,23,0,49,1
2016/10/20, 22:33:18,34.694439,135.195435,136.74,1224,219,0,61.47,1
2016/10/20, 22:34:31,34.694061,135.196823,53.41,2880,108,-4,133.68,1
2016/10/21, 00:29:35,34.694954,135.196762,85.17,2880,0,-2,0,1
2016/10/21, 07:51:28,34.694954,135.196762,85.17,13464,0,0,0,1
2016/10/21, 07:52:32,34.695019,135.197418,82.24,8280,83,0,60.41,1
2016/10/21, 07:53:34,34.694942,135.197266,56.68,1260,238,0,16.32,1
2016/10/21, 07:54:37,34.695145,135.197815,62.76,576,65,0,55.03,1
2016/10/21, 08:05:36,34.695087,135.197372,27.16,3204,260,0,41.01,1
2016/10/21, 08:08:23,34.69529,135.198013,49.8,19332,68,0,62.8,1
2016/10/21, 08:18:11,34.69529,135.198013,49.8,19332,0,0,0,1
2016/10/21, 08:19:38,34.69463,135.198257,-106.03,7235,163,0,76.7,1
2016/10/21, 08:20:52,34.69463,135.198257,-106.03,7235,0,0,0,1
2016/10/21, 08:22:12,34.695053,135.197983,-17.57,1800,331,0,53.29,1
2016/10/21, 08:23:38,34.694885,135.197617,41.8,2340,240,0,38.32,1
2016/10/21, 08:24:56,34.69479,135.19754,49.56,0,213,0,12.69,1
2016/10/21, 08:29:35,34.694836,135.197449,46.42,4572,301,0,9.77,1
2016/10/21, 08:30:39,34.69474,135.197372,84.43,0,213,0,12.79,1
2016/10/21, 08:36:23,34.69482,135.197403,61.31,2124,17,0,9.34,1
2016/10/21, 08:37:49,34.694908,135.197433,73.36,1800,15,0,10.16,1
2016/10/21, 08:39:15,34.694939,135.197464,55.87,1008,39,0,4.46,1
2016/10/21, 08:40:33,34.694847,135.19722,81.4,2052,245,0,24.54,1
2016/10/21, 08:41:58,34.694736,135.197388,47.53,1548,128,0,19.7,1
2016/10/21, 08:43:27,34.694565,135.197189,97.89,900,223,0,26.32,1
2016/10/21, 08:45:11,34.694733,135.197433,38.87,1044,50,0,29.1,1
2016/10/21, 08:46:37,34.69482,135.197617,7.98,0,60,0,19.41,1
2016/10/21, 08:48:11,34.694794,135.197586,11.9,3816,224,0,4.05,1
2016/10/21, 08:50:08,34.694874,135.197418,-50.75,3384,300,0,17.75,1
2016/10/21, 08:52:56,34.694588,135.196335,5.96,11952,252,0,103.99,1
2016/10/21, 09:01:09,34.694588,135.196335,5.96,11952,0,0,0,1
2016/10/21, 09:02:14,34.693638,135.19632,23.47,2808,180,0,105.64,1
2016/10/21, 09:03:23,34.694,135.195679,83.09,1080,304,0,71.1,1
2016/10/21, 09:04:41,34.694389,135.195938,51.37,2520,28,0,49.31,1
2016/10/21, 09:05:47,34.694859,135.195282,71.13,4824,311,0,79.55,1
2016/10/21, 09:06:50,34.694592,135.19574,64.99,0,125,0,51.33,1
2016/10/21, 09:07:52,34.694717,135.19574,18,7128,0,0,13.9,1
2016/10/21, 09:08:57,34.694695,135.195831,150.13,0,106,0,8.67,1
2016/10/21, 09:10:06,34.69442,135.195618,111.26,2052,212,0,36.25,1
2016/10/21, 09:11:35,34.694244,135.195679,76.35,1728,164,0,20.35,1
2016/10/21, 09:12:40,34.692238,135.1978,13.92,52920,138,0,295.56,1
2016/10/21, 09:13:46,34.689419,135.199997,-19.4,4536,147,0,372.3,1
2016/10/21, 09:14:51,34.685665,135.200439,-18.57,20592,174,0,419.38,1
2016/10/21, 09:16:00,34.681438,135.20256,-11.22,1116,157,0,508.46,1
2016/10/21, 09:17:08,34.678703,135.20372,21.2,39492,160,0,322.09,1
2016/10/21, 09:18:12,34.673717,135.207458,-11.61,11844,148,0,651.32,1
2016/10/21, 09:19:15,34.672565,135.207703,-110.77,28656,170,0,130.04,1
2016/10/21, 09:20:19,34.668507,135.209869,69.73,0,156,0,492.79,1
2016/10/21, 09:21:23,34.666592,135.211807,77.17,49932,140,0,277.05,1
2016/10/21, 09:22:27,34.66486,135.212921,-20.27,3276,152,0,217.88,1
2016/10/21, 09:23:30,34.665081,135.212738,-28.17,3024,325,0,29.73,1
2016/10/21, 09:24:34,34.665741,135.213593,13.53,0,46,0,107.24,1
2016/10/21, 09:25:38,34.666088,135.214874,-3.39,0,71,0,123.35,1
2016/10/21, 10:06:36,34.666088,135.214874,-3.39,0,0,0,0,1
2016/10/21, 10:07:51,34.665657,135.21431,45.38,3096,227,0,70.41,1
2016/10/21, 10:16:32,34.665657,135.21431,45.38,3096,0,0,0,1
2016/10/21, 10:18:12,34.665817,135.213516,39.19,1980,283,0,74.76,1
2016/10/21, 10:25:06,34.665817,135.213516,39.19,1980,0,0,0,1
2016/10/21, 10:26:26,34.666389,135.212936,-7.54,1620,320,0,82.82,1
2016/10/21, 10:27:39,34.666389,135.212936,-7.54,1620,0,0,0,1
2016/10/21, 10:28:50,34.665665,135.212601,-53.12,5976,200,0,86.14,1
2016/10/21, 11:49:56,34.665665,135.212601,-53.12,5976,0,0,0,1
2016/10/21, 11:52:26,34.666847,135.212189,178.11,25488,344,0,136.73,1
2016/10/21, 11:53:38,34.666847,135.212189,178.11,25488,0,0,0,1
2016/10/21, 11:54:44,34.666191,135.212234,28.73,8100,176,0,73.06,1
2016/10/21, 11:55:52,34.666908,135.212662,26.22,2196,26,0,88.82,1
2016/10/21, 11:56:57,34.666786,135.212463,-5.35,0,233,0,22.7,1
2016/10/21, 11:58:09,34.666786,135.212463,-5.35,0,0,0,0,1
2016/10/21, 11:59:18,34.667198,135.21283,37.52,4428,36,0,56.79,1
2016/10/21, 12:00:30,34.667358,135.212585,49.39,1512,308,0,28.61,1
2016/10/21, 12:01:34,34.667042,135.21315,-114.98,0,124,0,62.49,1
2016/10/21, 12:02:44,34.667503,135.212448,-13.61,5796,308,0,82.15,1
2016/10/21, 12:03:56,34.667503,135.212448,-13.61,5796,0,0,0,1
2016/10/21, 12:05:11,34.667683,135.212372,-119.32,5976,340,0,21.19,1
2016/10/21, 12:12:03,34.667515,135.212189,-15.44,684,221,0,25.08,1
2016/10/21, 12:13:13,34.667515,135.212189,-15.44,684,0,0,0,1
2016/10/21, 12:14:30,34.667683,135.212357,-56.94,4680,39,0,24.19,1
2016/10/21, 12:20:03,34.667683,135.212357,-56.94,4680,0,0,0,1
2016/10/21, 12:21:42,34.667377,135.212372,64.12,5148,177,0,34.05,1
2016/10/21, 12:34:36,34.667377,135.212372,64.12,5148,0,0,0,1
2016/10/21, 12:36:42,34.667236,135.211914,214.69,1836,249,0,44.72,1
2016/10/21, 12:38:02,34.667255,135.212036,48.48,0,79,0,11.36,1
2016/10/21, 12:39:53,34.666538,135.212296,57.7,3816,163,0,83.2,1
2016/10/21, 12:40:57,34.667007,135.211853,98.44,1944,322,0,66.04,1
2016/10/21, 12:42:01,34.666641,135.21254,-9.92,10224,122,0,74.86,1
2016/10/21, 12:43:15,34.665325,135.213913,-21.12,1476,139,0,192.82,1
2016/10/21, 12:44:19,34.666298,135.21312,119.22,3600,326,0,130.25,1
2016/10/21, 12:45:27,34.665825,135.213135,50.05,9288,178,0,52.61,1
2016/10/21, 12:46:32,34.666813,135.213181,178.16,2772,2,0,109.94,1
2016/10/21, 12:48:56,34.666813,135.213181,178.16,2772,0,0,0,1
2016/10/21, 12:50:14,34.666485,135.212708,157.25,3996,229,0,56.58,1
2016/10/21, 12:54:45,34.666485,135.212708,157.25,3996,0,0,0,1
2016/10/21, 12:56:08,34.666664,135.212555,275.73,9792,324,0,24.33,1
2016/10/21, 12:57:22,34.666122,135.212753,132.47,1080,163,0,62.93,1
2016/10/21, 12:58:32,34.666595,135.21254,205.81,648,339,0,56.09,1
2016/10/21, 13:02:49,34.666595,135.21254,205.81,648,0,0,0,1
2016/10/21, 13:07:34,34.666862,135.213257,119.5,3024,65,0,71.98,1
2016/10/21, 13:19:45,34.66674,135.213135,22.03,2664,219,0,17.56,1
2016/10/21, 13:28:20,34.66674,135.213135,22.03,2664,0,0,0,1
2016/10/21, 13:34:36,34.666973,135.213074,26.4,2160,347,0,26.5,1
2016/10/21, 13:39:35,34.666977,135.213028,-13.33,1908,276,0,4.23,1
2016/10/21, 13:44:11,34.667351,135.212982,-27.62,972,354,0,41.8,1
2016/10/21, 13:48:16,34.666443,135.212967,-3.73,2376,180,0,100.97,1
2016/10/21, 13:52:44,34.669422,135.212738,-65.1,0,356,0,331.91,1
2016/10/21, 14:07:38,34.669422,135.212738,-65.1,0,0,0,0,1
2016/10/21, 14:12:29,34.666718,135.213348,18.17,1548,169,0,305.8,1
2016/10/21, 14:15:19,34.666126,135.213272,179.65,10764,186,0,66.19,1
2016/10/21, 14:24:29,34.666389,135.213654,181.2,5076,50,0,45.56,1
2016/10/21, 14:30:22,34.666389,135.213654,181.2,5076,0,0,0,1
2016/10/21, 14:31:56,34.666283,135.213745,191.93,1476,144,0,14.43,1
2016/10/21, 14:33:07,34.666283,135.213745,191.93,1476,0,0,0,1
2016/10/21, 14:34:40,34.666042,135.213669,-105.66,1044,194,0,27.68,1
2016/10/21, 14:36:27,34.66478,135.213379,-28.02,972,190,0,142.81,1
2016/10/21, 14:38:57,34.665352,135.213272,-94.96,7272,351,0,64.35,1
2016/10/21, 14:41:00,34.666233,135.213181,69.78,3096,355,0,98.32,1
2016/10/21, 14:42:09,34.66605,135.213379,-17.36,2052,138,0,27.24,1
2016/10/21, 14:43:36,34.666336,135.213242,32.23,1368,338,0,34.18,1
2016/10/21, 14:45:16,34.666283,135.213135,68.56,792,238,0,11.42,1
2016/10/21, 14:47:51,34.666176,135.213394,12.86,684,116,0,26.51,1
2016/10/21, 14:49:21,34.66589,135.213211,92.84,1764,207,0,35.94,1
2016/10/21, 14:50:25,34.666054,135.213318,97.26,0,28,0,20.7,1
2016/10/21, 14:52:36,34.666054,135.213318,97.26,0,0,0,0,1
2016/10/21, 14:53:47,34.665848,135.213455,72.36,2124,151,0,26.11,1
2016/10/21, 14:55:19,34.666233,135.213104,89.58,3672,323,0,53.51,1
2016/10/21, 14:56:41,34.66637,135.213409,41.34,1476,61,0,31.78,1
2016/10/21, 14:57:51,34.666336,135.213287,4.79,4860,251,0,11.78,1
2016/10/21, 14:58:56,34.666283,135.213394,108.1,0,121,0,11.42,1
2016/10/21, 14:59:59,34.6661,135.213165,120.36,2016,225,0,29.2,1
2016/10/21, 15:01:02,34.665989,135.213287,66.73,0,137,0,16.64,1
2016/10/21, 15:02:09,34.665939,135.213333,94.7,8604,142,0,6.97,1
2016/10/21, 16:03:38,34.665939,135.213333,94.7,8604,0,0,0,1
2016/10/21, 16:06:06,34.665272,135.213623,5.93,2556,160,0,78.77,1
2016/10/21, 16:07:54,34.663101,135.21463,-97.6,4104,159,0,258.38,1
2016/10/21, 16:29:30,34.663101,135.21463,-97.6,4104,0,0,0,1
2016/10/21, 16:32:23,34.66803,135.212051,1699.25,1332,336,0,596.68,1
2016/10/21, 16:34:10,34.665718,135.215088,189.79,972,132,0,378.46,1
2016/10/21, 16:37:04,34.666378,135.21315,127.9,1476,292,0,191.83,1
2016/10/21, 16:39:18,34.665558,135.213058,207.96,1980,185,0,91.57,1
2016/10/21, 16:41:13,34.665817,135.213409,111.55,1692,48,0,43.13,1
2016/10/21, 16:42:22,34.665817,135.213409,111.55,1692,0,0,0,1
2016/10/21, 16:43:28,34.663605,135.213791,465.45,2844,171,0,248.43,1
2016/10/21, 16:44:39,34.663605,135.213791,465.45,2844,0,0,0,1
2016/10/21, 16:46:28,34.66568,135.213684,82.62,5076,357,0,230.94,1
2016/10/21, 16:47:54,34.666245,135.213074,63.81,3348,318,0,84.02,1
2016/10/21, 16:49:25,34.66526,135.214691,42.42,1188,126,0,184.03,1
2016/10/21, 16:50:49,34.666195,135.213516,48.29,1116,314,0,149.52,1
2016/10/21, 16:52:04,34.6647,135.213715,204.95,3204,173,0,167.23,1
2016/10/21, 16:53:21,34.665173,135.214294,91.86,1800,45,0,74.63,1
